output/imgs/00000_COCO_train2014_000000303116.jpg,0,4,63,65,traffic_sign
output/imgs/00000_COCO_train2014_000000303116.jpg,0,179,66,246,traffic_sign
output/imgs/00000_COCO_train2014_000000303116.jpg,82,408,150,476,traffic_sign
output/imgs/00001_COCO_train2014_000000106545.jpg,528,110,565,147,traffic_sign
output/imgs/00002_COCO_train2014_000000057362.jpg,203,207,250,252,traffic_sign
output/imgs/00002_COCO_train2014_000000057362.jpg,326,183,373,229,traffic_sign
output/imgs/00002_COCO_train2014_000000057362.jpg,290,100,337,147,traffic_sign
output/imgs/00003_COCO_train2014_000000524317.jpg,48,229,100,281,traffic_sign
output/imgs/00004_COCO_train2014_000000360570.jpg,482,56,519,94,traffic_sign
output/imgs/00005_COCO_train2014_000000450590.jpg,309,89,358,139,traffic_sign
output/imgs/00005_COCO_train2014_000000450590.jpg,238,270,284,316,traffic_sign
output/imgs/00006_COCO_train2014_000000442450.jpg,400,142,470,212,traffic_sign
output/imgs/00006_COCO_train2014_000000442450.jpg,400,212,470,281,traffic_sign
output/imgs/00006_COCO_train2014_000000442450.jpg,394,66,461,134,traffic_sign
output/imgs/00007_COCO_train2014_000000458832.jpg,338,10,381,53,traffic_sign
output/imgs/00008_COCO_train2014_000000131197.jpg,0,0,72,72,traffic_sign
output/imgs/00008_COCO_train2014_000000131197.jpg,0,72,75,148,traffic_sign
output/imgs/00008_COCO_train2014_000000131197.jpg,0,148,73,220,traffic_sign
output/imgs/00008_COCO_train2014_000000131197.jpg,459,0,513,53,traffic_sign
output/imgs/00009_COCO_train2014_000000057445.jpg,446,196,507,256,traffic_sign
output/imgs/00009_COCO_train2014_000000057445.jpg,102,42,159,99,traffic_sign
output/imgs/00009_COCO_train2014_000000057445.jpg,102,99,158,155,traffic_sign
output/imgs/00009_COCO_train2014_000000057445.jpg,102,155,159,212,traffic_sign
output/imgs/00010_COCO_train2014_000000262221.jpg,76,136,150,209,traffic_sign
output/imgs/00010_COCO_train2014_000000262221.jpg,76,209,130,264,traffic_sign
output/imgs/00010_COCO_train2014_000000262221.jpg,76,264,149,337,traffic_sign
output/imgs/00010_COCO_train2014_000000262221.jpg,2,96,74,168,traffic_sign
output/imgs/00011_COCO_train2014_000000524297.jpg,38,0,73,35,traffic_sign
output/imgs/00011_COCO_train2014_000000524297.jpg,38,35,76,73,traffic_sign
output/imgs/00011_COCO_train2014_000000524297.jpg,38,73,74,109,traffic_sign
output/imgs/00012_COCO_train2014_000000262146.jpg,68,202,167,302,traffic_sign
output/imgs/00012_COCO_train2014_000000262146.jpg,122,334,221,433,traffic_sign
output/imgs/00012_COCO_train2014_000000262146.jpg,188,158,284,253,traffic_sign
output/imgs/00013_COCO_train2014_000000491525.jpg,377,0,471,91,traffic_sign
output/imgs/00014_COCO_train2014_000000254132.jpg,110,0,201,91,traffic_sign
output/imgs/00014_COCO_train2014_000000254132.jpg,110,91,205,187,traffic_sign
output/imgs/00014_COCO_train2014_000000254132.jpg,110,187,202,278,traffic_sign
output/imgs/00014_COCO_train2014_000000254132.jpg,0,96,86,182,traffic_sign
output/imgs/00015_COCO_train2014_000000295017.jpg,318,164,352,198,traffic_sign
output/imgs/00015_COCO_train2014_000000295017.jpg,318,198,367,246,traffic_sign
output/imgs/00015_COCO_train2014_000000295017.jpg,77,186,126,234,traffic_sign
output/imgs/00015_COCO_train2014_000000295017.jpg,77,234,129,287,traffic_sign
output/imgs/00016_COCO_train2014_000000548912.jpg,180,48,269,135,traffic_sign
output/imgs/00016_COCO_train2014_000000548912.jpg,0,117,97,212,traffic_sign
output/imgs/00017_COCO_train2014_000000450672.jpg,166,0,237,71,traffic_sign
output/imgs/00017_COCO_train2014_000000450672.jpg,237,198,304,265,traffic_sign
output/imgs/00017_COCO_train2014_000000450672.jpg,320,146,389,215,traffic_sign
output/imgs/00017_COCO_train2014_000000450672.jpg,156,228,205,277,traffic_sign
output/imgs/00017_COCO_train2014_000000450672.jpg,392,180,459,248,traffic_sign
output/imgs/00018_COCO_train2014_000000524338.jpg,136,280,214,357,traffic_sign
output/imgs/00018_COCO_train2014_000000524338.jpg,410,14,487,91,traffic_sign
output/imgs/00018_COCO_train2014_000000524338.jpg,266,84,341,161,traffic_sign
output/imgs/00018_COCO_train2014_000000524338.jpg,220,236,301,316,traffic_sign
output/imgs/00019_COCO_train2014_000000262260.jpg,87,277,132,321,traffic_sign
output/imgs/00020_COCO_train2014_000000303116.jpg,136,58,214,135,traffic_sign
output/imgs/00020_COCO_train2014_000000303116.jpg,189,281,266,358,traffic_sign
output/imgs/00020_COCO_train2014_000000303116.jpg,147,167,222,243,traffic_sign
output/imgs/00020_COCO_train2014_000000303116.jpg,10,75,84,148,traffic_sign
output/imgs/00020_COCO_train2014_000000303116.jpg,150,378,223,453,traffic_sign
output/imgs/00021_COCO_train2014_000000434329.jpg,100,0,168,69,traffic_sign
output/imgs/00021_COCO_train2014_000000434329.jpg,306,170,372,235,traffic_sign
output/imgs/00022_COCO_train2014_000000204889.jpg,426,169,503,245,traffic_sign
output/imgs/00022_COCO_train2014_000000204889.jpg,209,17,286,93,traffic_sign
output/imgs/00023_COCO_train2014_000000262207.jpg,246,142,275,172,traffic_sign
output/imgs/00023_COCO_train2014_000000262207.jpg,368,214,401,247,traffic_sign
output/imgs/00023_COCO_train2014_000000262207.jpg,308,294,341,327,traffic_sign
output/imgs/00023_COCO_train2014_000000262207.jpg,308,327,330,348,traffic_sign
output/imgs/00024_COCO_train2014_000000524317.jpg,22,0,79,60,traffic_sign
output/imgs/00024_COCO_train2014_000000524317.jpg,22,60,104,141,traffic_sign
output/imgs/00024_COCO_train2014_000000524317.jpg,72,230,148,305,traffic_sign
output/imgs/00024_COCO_train2014_000000524317.jpg,0,142,76,218,traffic_sign
output/imgs/00025_COCO_train2014_000000131127.jpg,402,41,445,86,traffic_sign
output/imgs/00025_COCO_train2014_000000131127.jpg,302,280,344,322,traffic_sign
output/imgs/00025_COCO_train2014_000000131127.jpg,302,322,333,354,traffic_sign
output/imgs/00025_COCO_train2014_000000131127.jpg,216,237,258,279,traffic_sign
output/imgs/00026_COCO_train2014_000000483425.jpg,354,0,435,81,traffic_sign
output/imgs/00026_COCO_train2014_000000483425.jpg,59,226,137,306,traffic_sign
output/imgs/00027_COCO_train2014_000000393290.jpg,233,55,320,141,traffic_sign
output/imgs/00027_COCO_train2014_000000393290.jpg,48,0,133,84,traffic_sign
output/imgs/00027_COCO_train2014_000000393290.jpg,134,101,225,193,traffic_sign
output/imgs/00027_COCO_train2014_000000393290.jpg,134,193,227,285,traffic_sign
output/imgs/00028_COCO_train2014_000000442457.jpg,71,228,149,306,traffic_sign
output/imgs/00028_COCO_train2014_000000442457.jpg,47,110,125,188,traffic_sign
output/imgs/00029_COCO_train2014_000000393290.jpg,118,214,174,270,traffic_sign
output/imgs/00030_COCO_train2014_000000262260.jpg,216,294,255,332,traffic_sign
output/imgs/00030_COCO_train2014_000000262260.jpg,0,176,37,213,traffic_sign
output/imgs/00030_COCO_train2014_000000262260.jpg,0,213,38,250,traffic_sign
output/imgs/00030_COCO_train2014_000000262260.jpg,54,154,91,190,traffic_sign
output/imgs/00031_COCO_train2014_000000393223.jpg,219,133,267,179,traffic_sign
output/imgs/00031_COCO_train2014_000000393223.jpg,342,106,386,149,traffic_sign
output/imgs/00031_COCO_train2014_000000393223.jpg,164,6,212,55,traffic_sign
output/imgs/00031_COCO_train2014_000000393223.jpg,342,220,390,267,traffic_sign
output/imgs/00032_COCO_train2014_000000442506.jpg,419,38,501,120,traffic_sign
output/imgs/00032_COCO_train2014_000000442506.jpg,0,14,82,96,traffic_sign
output/imgs/00032_COCO_train2014_000000442506.jpg,203,125,285,207,traffic_sign
output/imgs/00033_COCO_train2014_000000524375.jpg,308,264,332,288,traffic_sign
output/imgs/00033_COCO_train2014_000000524375.jpg,230,388,264,423,traffic_sign
output/imgs/00034_COCO_train2014_000000524428.jpg,0,361,77,438,traffic_sign
output/imgs/00034_COCO_train2014_000000524428.jpg,44,92,114,163,traffic_sign
output/imgs/00034_COCO_train2014_000000524428.jpg,44,163,117,236,traffic_sign
output/imgs/00035_COCO_train2014_000000434222.jpg,204,108,302,206,traffic_sign
output/imgs/00035_COCO_train2014_000000434222.jpg,166,0,260,95,traffic_sign
output/imgs/00035_COCO_train2014_000000434222.jpg,311,0,412,101,traffic_sign
output/imgs/00035_COCO_train2014_000000434222.jpg,311,101,384,172,traffic_sign
output/imgs/00035_COCO_train2014_000000434222.jpg,311,172,407,267,traffic_sign
output/imgs/00036_COCO_train2014_000000000061.jpg,322,268,357,304,traffic_sign
output/imgs/00036_COCO_train2014_000000000061.jpg,397,97,448,148,traffic_sign
output/imgs/00037_COCO_train2014_000000303116.jpg,150,90,227,169,traffic_sign
output/imgs/00037_COCO_train2014_000000303116.jpg,150,169,226,244,traffic_sign
output/imgs/00037_COCO_train2014_000000303116.jpg,150,244,203,295,traffic_sign
output/imgs/00037_COCO_train2014_000000303116.jpg,79,347,151,419,traffic_sign
output/imgs/00037_COCO_train2014_000000303116.jpg,56,130,134,210,traffic_sign
output/imgs/00038_COCO_train2014_000000524340.jpg,47,384,106,443,traffic_sign
output/imgs/00038_COCO_train2014_000000524340.jpg,47,443,106,502,traffic_sign
output/imgs/00038_COCO_train2014_000000524340.jpg,170,105,229,164,traffic_sign
output/imgs/00038_COCO_train2014_000000524340.jpg,228,344,291,407,traffic_sign
output/imgs/00039_COCO_train2014_000000393306.jpg,302,146,358,201,traffic_sign
output/imgs/00039_COCO_train2014_000000393306.jpg,368,34,425,93,traffic_sign
output/imgs/00040_COCO_train2014_000000106616.jpg,377,45,478,147,traffic_sign
output/imgs/00040_COCO_train2014_000000106616.jpg,176,66,269,159,traffic_sign
output/imgs/00040_COCO_train2014_000000106616.jpg,176,159,276,259,traffic_sign
output/imgs/00041_COCO_train2014_000000131172.jpg,190,40,245,95,traffic_sign
output/imgs/00041_COCO_train2014_000000131172.jpg,190,95,247,151,traffic_sign
output/imgs/00041_COCO_train2014_000000131172.jpg,190,151,231,194,traffic_sign
output/imgs/00042_COCO_train2014_000000303116.jpg,72,18,123,67,traffic_sign
output/imgs/00042_COCO_train2014_000000303116.jpg,72,67,143,141,traffic_sign
output/imgs/00042_COCO_train2014_000000303116.jpg,200,0,270,68,traffic_sign
output/imgs/00042_COCO_train2014_000000303116.jpg,82,178,154,251,traffic_sign
output/imgs/00042_COCO_train2014_000000303116.jpg,82,251,151,319,traffic_sign
output/imgs/00043_COCO_train2014_000000262273.jpg,101,214,195,310,traffic_sign
output/imgs/00044_COCO_train2014_000000409652.jpg,92,0,195,104,traffic_sign
output/imgs/00044_COCO_train2014_000000409652.jpg,201,0,273,74,traffic_sign
output/imgs/00044_COCO_train2014_000000409652.jpg,320,0,426,102,traffic_sign
output/imgs/00045_COCO_train2014_000000393223.jpg,142,44,226,127,traffic_sign
output/imgs/00045_COCO_train2014_000000393223.jpg,12,13,77,76,traffic_sign
output/imgs/00045_COCO_train2014_000000393223.jpg,12,218,95,302,traffic_sign
output/imgs/00046_COCO_train2014_000000000113.jpg,184,0,265,79,traffic_sign
output/imgs/00046_COCO_train2014_000000000113.jpg,184,79,259,154,traffic_sign
output/imgs/00046_COCO_train2014_000000000113.jpg,184,154,259,228,traffic_sign
output/imgs/00046_COCO_train2014_000000000113.jpg,193,258,269,336,traffic_sign
output/imgs/00047_COCO_train2014_000000245842.jpg,166,470,221,524,traffic_sign
output/imgs/00048_COCO_train2014_000000294968.jpg,526,320,565,360,traffic_sign
output/imgs/00048_COCO_train2014_000000294968.jpg,526,360,568,401,traffic_sign
output/imgs/00048_COCO_train2014_000000294968.jpg,230,52,271,93,traffic_sign
output/imgs/00048_COCO_train2014_000000294968.jpg,322,262,363,303,traffic_sign
output/imgs/00049_COCO_train2014_000000262171.jpg,336,0,381,45,traffic_sign
output/imgs/00049_COCO_train2014_000000262171.jpg,239,232,279,272,traffic_sign
output/imgs/00049_COCO_train2014_000000262171.jpg,90,116,135,161,traffic_sign
output/imgs/00049_COCO_train2014_000000262171.jpg,90,161,121,192,traffic_sign
output/imgs/00050_COCO_train2014_000000393251.jpg,177,0,241,65,traffic_sign
output/imgs/00050_COCO_train2014_000000393251.jpg,321,245,381,305,traffic_sign
output/imgs/00050_COCO_train2014_000000393251.jpg,0,268,61,330,traffic_sign
output/imgs/00050_COCO_train2014_000000393251.jpg,0,330,61,390,traffic_sign
output/imgs/00050_COCO_train2014_000000393251.jpg,216,287,275,345,traffic_sign
output/imgs/00051_COCO_train2014_000000131101.jpg,1,226,49,274,traffic_sign
output/imgs/00051_COCO_train2014_000000131101.jpg,160,109,206,155,traffic_sign
output/imgs/00051_COCO_train2014_000000131101.jpg,0,493,51,543,traffic_sign
output/imgs/00051_COCO_train2014_000000131101.jpg,70,118,120,167,traffic_sign
output/imgs/00051_COCO_train2014_000000131101.jpg,70,167,107,203,traffic_sign
output/imgs/00052_COCO_train2014_000000024664.jpg,216,0,269,52,traffic_sign
output/imgs/00052_COCO_train2014_000000024664.jpg,216,336,272,390,traffic_sign
output/imgs/00053_COCO_train2014_000000295017.jpg,0,194,99,294,traffic_sign
output/imgs/00053_COCO_train2014_000000295017.jpg,196,318,292,412,traffic_sign
output/imgs/00053_COCO_train2014_000000295017.jpg,0,314,96,410,traffic_sign
output/imgs/00054_COCO_train2014_000000344127.jpg,178,270,224,316,traffic_sign
output/imgs/00054_COCO_train2014_000000344127.jpg,226,434,259,466,traffic_sign
output/imgs/00054_COCO_train2014_000000344127.jpg,302,310,346,354,traffic_sign
output/imgs/00054_COCO_train2014_000000344127.jpg,60,84,107,129,traffic_sign
output/imgs/00055_COCO_train2014_000000557174.jpg,410,48,476,113,traffic_sign
output/imgs/00055_COCO_train2014_000000557174.jpg,348,117,414,182,traffic_sign
output/imgs/00055_COCO_train2014_000000557174.jpg,348,182,413,248,traffic_sign
output/imgs/00055_COCO_train2014_000000557174.jpg,348,248,414,314,traffic_sign
output/imgs/00056_COCO_train2014_000000000077.jpg,358,118,411,172,traffic_sign
output/imgs/00056_COCO_train2014_000000000077.jpg,358,172,411,225,traffic_sign
output/imgs/00056_COCO_train2014_000000000077.jpg,286,90,337,141,traffic_sign
output/imgs/00056_COCO_train2014_000000000077.jpg,286,141,320,176,traffic_sign
output/imgs/00056_COCO_train2014_000000000077.jpg,0,122,52,174,traffic_sign
output/imgs/00057_COCO_train2014_000000262239.jpg,319,205,361,247,traffic_sign
output/imgs/00057_COCO_train2014_000000262239.jpg,0,88,44,132,traffic_sign
output/imgs/00057_COCO_train2014_000000262239.jpg,244,200,286,241,traffic_sign
output/imgs/00057_COCO_train2014_000000262239.jpg,320,0,360,40,traffic_sign
output/imgs/00058_COCO_train2014_000000000049.jpg,54,242,135,322,traffic_sign
output/imgs/00059_COCO_train2014_000000458832.jpg,360,46,429,114,traffic_sign
output/imgs/00059_COCO_train2014_000000458832.jpg,70,0,137,67,traffic_sign
output/imgs/00059_COCO_train2014_000000458832.jpg,269,80,336,147,traffic_sign
output/imgs/00059_COCO_train2014_000000458832.jpg,188,0,258,70,traffic_sign
output/imgs/00059_COCO_train2014_000000458832.jpg,460,0,528,69,traffic_sign
output/imgs/00060_COCO_train2014_000000204889.jpg,394,277,415,298,traffic_sign
output/imgs/00060_COCO_train2014_000000204889.jpg,394,298,423,327,traffic_sign
output/imgs/00060_COCO_train2014_000000204889.jpg,394,327,422,356,traffic_sign
output/imgs/00060_COCO_train2014_000000204889.jpg,142,85,170,113,traffic_sign
output/imgs/00061_COCO_train2014_000000131174.jpg,0,0,97,98,traffic_sign
output/imgs/00061_COCO_train2014_000000131174.jpg,148,174,244,270,traffic_sign
output/imgs/00061_COCO_train2014_000000131174.jpg,148,270,252,374,traffic_sign
output/imgs/00062_COCO_train2014_000000229419.jpg,439,204,505,270,traffic_sign
output/imgs/00063_COCO_train2014_000000106621.jpg,16,27,64,76,traffic_sign
output/imgs/00063_COCO_train2014_000000106621.jpg,1,242,50,291,traffic_sign
output/imgs/00063_COCO_train2014_000000106621.jpg,190,79,239,129,traffic_sign
output/imgs/00063_COCO_train2014_000000106621.jpg,190,129,224,163,traffic_sign
output/imgs/00063_COCO_train2014_000000106621.jpg,337,0,388,51,traffic_sign
output/imgs/00064_COCO_train2014_000000294968.jpg,88,273,151,336,traffic_sign
output/imgs/00064_COCO_train2014_000000294968.jpg,428,0,493,65,traffic_sign
output/imgs/00064_COCO_train2014_000000294968.jpg,428,238,488,297,traffic_sign
output/imgs/00064_COCO_train2014_000000294968.jpg,348,14,410,75,traffic_sign
output/imgs/00065_COCO_train2014_000000106525.jpg,21,357,50,385,traffic_sign
output/imgs/00065_COCO_train2014_000000106525.jpg,21,385,42,406,traffic_sign
output/imgs/00066_COCO_train2014_000000344181.jpg,350,0,406,55,traffic_sign
output/imgs/00066_COCO_train2014_000000344181.jpg,32,194,74,237,traffic_sign
output/imgs/00067_COCO_train2014_000000319611.jpg,46,0,94,48,traffic_sign
output/imgs/00067_COCO_train2014_000000319611.jpg,162,0,209,47,traffic_sign
output/imgs/00067_COCO_train2014_000000319611.jpg,396,232,430,266,traffic_sign
output/imgs/00067_COCO_train2014_000000319611.jpg,256,0,302,44,traffic_sign
output/imgs/00067_COCO_train2014_000000319611.jpg,0,11,46,57,traffic_sign
output/imgs/00068_COCO_train2014_000000344127.jpg,124,42,198,115,traffic_sign
output/imgs/00069_COCO_train2014_000000294943.jpg,160,10,229,79,traffic_sign
output/imgs/00069_COCO_train2014_000000294943.jpg,160,79,233,152,traffic_sign
output/imgs/00070_COCO_train2014_000000548912.jpg,0,0,50,50,traffic_sign
output/imgs/00070_COCO_train2014_000000548912.jpg,2,212,54,264,traffic_sign
output/imgs/00071_COCO_train2014_000000106545.jpg,0,16,56,72,traffic_sign
output/imgs/00071_COCO_train2014_000000106545.jpg,0,72,56,127,traffic_sign
output/imgs/00072_COCO_train2014_000000155749.jpg,104,64,181,139,traffic_sign
output/imgs/00072_COCO_train2014_000000155749.jpg,100,191,182,273,traffic_sign
output/imgs/00073_COCO_train2014_000000442450.jpg,3,97,100,193,traffic_sign
output/imgs/00074_COCO_train2014_000000319611.jpg,0,6,81,86,traffic_sign
output/imgs/00074_COCO_train2014_000000319611.jpg,0,86,87,173,traffic_sign
output/imgs/00075_COCO_train2014_000000131084.jpg,424,70,496,140,traffic_sign
output/imgs/00075_COCO_train2014_000000131084.jpg,424,140,501,218,traffic_sign
output/imgs/00076_COCO_train2014_000000262286.jpg,46,0,126,80,traffic_sign
output/imgs/00076_COCO_train2014_000000262286.jpg,143,221,224,303,traffic_sign
output/imgs/00077_COCO_train2014_000000319611.jpg,242,222,277,258,traffic_sign
output/imgs/00078_COCO_train2014_000000295017.jpg,190,217,264,291,traffic_sign
output/imgs/00078_COCO_train2014_000000295017.jpg,190,291,263,364,traffic_sign
output/imgs/00078_COCO_train2014_000000295017.jpg,190,364,257,431,traffic_sign
output/imgs/00078_COCO_train2014_000000295017.jpg,4,84,54,134,traffic_sign
output/imgs/00078_COCO_train2014_000000295017.jpg,4,134,72,200,traffic_sign
output/imgs/00079_COCO_train2014_000000204889.jpg,52,86,91,125,traffic_sign
output/imgs/00080_COCO_train2014_000000262171.jpg,153,190,179,216,traffic_sign
output/imgs/00080_COCO_train2014_000000262171.jpg,153,216,188,251,traffic_sign
output/imgs/00080_COCO_train2014_000000262171.jpg,402,172,439,208,traffic_sign
output/imgs/00081_COCO_train2014_000000262191.jpg,268,8,356,96,traffic_sign
output/imgs/00081_COCO_train2014_000000262191.jpg,268,96,331,160,traffic_sign
output/imgs/00081_COCO_train2014_000000262191.jpg,268,160,353,245,traffic_sign
output/imgs/00081_COCO_train2014_000000262191.jpg,114,72,203,162,traffic_sign
output/imgs/00082_COCO_train2014_000000286720.jpg,262,0,317,56,traffic_sign
output/imgs/00082_COCO_train2014_000000286720.jpg,264,178,318,234,traffic_sign
output/imgs/00082_COCO_train2014_000000286720.jpg,28,190,82,244,traffic_sign
output/imgs/00082_COCO_train2014_000000286720.jpg,28,244,78,294,traffic_sign
output/imgs/00082_COCO_train2014_000000286720.jpg,28,294,84,350,traffic_sign
output/imgs/00083_COCO_train2014_000000000127.jpg,0,222,52,275,traffic_sign
output/imgs/00083_COCO_train2014_000000000127.jpg,0,0,71,71,traffic_sign
output/imgs/00084_COCO_train2014_000000262191.jpg,270,0,360,90,traffic_sign
output/imgs/00084_COCO_train2014_000000262191.jpg,270,90,368,187,traffic_sign
output/imgs/00084_COCO_train2014_000000262191.jpg,52,116,117,181,traffic_sign
output/imgs/00084_COCO_train2014_000000262191.jpg,142,60,242,159,traffic_sign
output/imgs/00084_COCO_train2014_000000262191.jpg,0,0,88,88,traffic_sign
output/imgs/00085_COCO_train2014_000000393290.jpg,34,196,114,278,traffic_sign
output/imgs/00085_COCO_train2014_000000393290.jpg,150,52,236,138,traffic_sign
output/imgs/00085_COCO_train2014_000000393290.jpg,29,11,110,91,traffic_sign
output/imgs/00085_COCO_train2014_000000393290.jpg,29,91,111,173,traffic_sign
output/imgs/00086_COCO_train2014_000000262238.jpg,444,0,481,37,traffic_sign
output/imgs/00087_COCO_train2014_000000434222.jpg,92,2,142,52,traffic_sign
output/imgs/00087_COCO_train2014_000000434222.jpg,285,104,322,141,traffic_sign
output/imgs/00087_COCO_train2014_000000434222.jpg,285,141,335,191,traffic_sign
output/imgs/00087_COCO_train2014_000000434222.jpg,512,118,563,170,traffic_sign
output/imgs/00087_COCO_train2014_000000434222.jpg,512,170,564,222,traffic_sign
output/imgs/00088_COCO_train2014_000000188459.jpg,440,246,522,327,traffic_sign
output/imgs/00088_COCO_train2014_000000188459.jpg,404,0,490,86,traffic_sign
output/imgs/00088_COCO_train2014_000000188459.jpg,0,236,88,325,traffic_sign
output/imgs/00088_COCO_train2014_000000188459.jpg,174,40,260,126,traffic_sign
output/imgs/00089_COCO_train2014_000000131208.jpg,0,74,44,117,traffic_sign
output/imgs/00089_COCO_train2014_000000131208.jpg,514,78,559,123,traffic_sign
output/imgs/00089_COCO_train2014_000000131208.jpg,362,105,404,147,traffic_sign
output/imgs/00089_COCO_train2014_000000131208.jpg,376,30,420,74,traffic_sign
output/imgs/00089_COCO_train2014_000000131208.jpg,38,0,83,45,traffic_sign
output/imgs/00090_COCO_train2014_000000442468.jpg,192,337,244,388,traffic_sign
output/imgs/00090_COCO_train2014_000000442468.jpg,29,0,107,78,traffic_sign
output/imgs/00090_COCO_train2014_000000442468.jpg,29,78,105,153,traffic_sign
output/imgs/00090_COCO_train2014_000000442468.jpg,29,153,106,230,traffic_sign
output/imgs/00091_COCO_train2014_000000327805.jpg,169,9,199,38,traffic_sign
output/imgs/00091_COCO_train2014_000000327805.jpg,6,192,34,220,traffic_sign
output/imgs/00091_COCO_train2014_000000327805.jpg,6,220,26,239,traffic_sign
output/imgs/00091_COCO_train2014_000000327805.jpg,211,266,240,295,traffic_sign
output/imgs/00092_COCO_train2014_000000262221.jpg,147,138,196,187,traffic_sign
output/imgs/00092_COCO_train2014_000000262221.jpg,147,187,222,262,traffic_sign
output/imgs/00092_COCO_train2014_000000262221.jpg,152,44,224,116,traffic_sign
output/imgs/00092_COCO_train2014_000000262221.jpg,0,216,75,291,traffic_sign
output/imgs/00092_COCO_train2014_000000262221.jpg,0,291,74,365,traffic_sign
output/imgs/00093_COCO_train2014_000000483425.jpg,454,82,524,153,traffic_sign
output/imgs/00093_COCO_train2014_000000483425.jpg,132,0,182,50,traffic_sign
output/imgs/00093_COCO_train2014_000000483425.jpg,406,294,481,368,traffic_sign
output/imgs/00093_COCO_train2014_000000483425.jpg,0,64,74,138,traffic_sign
output/imgs/00093_COCO_train2014_000000483425.jpg,0,138,74,212,traffic_sign
output/imgs/00094_COCO_train2014_000000393223.jpg,272,186,334,248,traffic_sign
output/imgs/00094_COCO_train2014_000000393223.jpg,206,239,269,302,traffic_sign
output/imgs/00094_COCO_train2014_000000393223.jpg,206,302,249,346,traffic_sign
output/imgs/00095_COCO_train2014_000000565258.jpg,120,98,198,178,traffic_sign
output/imgs/00095_COCO_train2014_000000565258.jpg,78,12,156,90,traffic_sign
output/imgs/00095_COCO_train2014_000000565258.jpg,223,127,300,205,traffic_sign
output/imgs/00096_COCO_train2014_000000262273.jpg,188,380,291,485,traffic_sign
output/imgs/00096_COCO_train2014_000000262273.jpg,170,62,271,162,traffic_sign
output/imgs/00096_COCO_train2014_000000262273.jpg,80,260,172,353,traffic_sign
output/imgs/00097_COCO_train2014_000000311331.jpg,72,258,154,338,traffic_sign
output/imgs/00097_COCO_train2014_000000311331.jpg,64,128,139,202,traffic_sign
output/imgs/00098_COCO_train2014_000000262286.jpg,0,150,98,247,traffic_sign
output/imgs/00098_COCO_train2014_000000262286.jpg,114,122,212,219,traffic_sign
output/imgs/00098_COCO_train2014_000000262286.jpg,114,219,207,314,traffic_sign
output/imgs/00099_COCO_train2014_000000434275.jpg,162,530,188,557,traffic_sign
output/imgs/00099_COCO_train2014_000000434275.jpg,0,236,36,272,traffic_sign
output/imgs/00100_COCO_train2014_000000393241.jpg,516,297,559,339,traffic_sign
output/imgs/00100_COCO_train2014_000000393241.jpg,398,71,445,117,traffic_sign
output/imgs/00101_COCO_train2014_000000524325.jpg,245,142,315,213,traffic_sign
output/imgs/00101_COCO_train2014_000000524325.jpg,78,120,149,191,traffic_sign
output/imgs/00101_COCO_train2014_000000524325.jpg,78,191,147,260,traffic_sign
output/imgs/00101_COCO_train2014_000000524325.jpg,0,212,51,264,traffic_sign
output/imgs/00101_COCO_train2014_000000524325.jpg,126,0,197,71,traffic_sign
output/imgs/00102_COCO_train2014_000000393333.jpg,164,203,236,273,traffic_sign
output/imgs/00102_COCO_train2014_000000393333.jpg,117,106,191,180,traffic_sign
output/imgs/00102_COCO_train2014_000000393333.jpg,468,116,521,167,traffic_sign
output/imgs/00102_COCO_train2014_000000393333.jpg,464,167,538,242,traffic_sign
output/imgs/00103_COCO_train2014_000000262207.jpg,121,157,149,185,traffic_sign
output/imgs/00104_COCO_train2014_000000000036.jpg,225,323,312,409,traffic_sign
output/imgs/00104_COCO_train2014_000000000036.jpg,225,409,310,494,traffic_sign
output/imgs/00104_COCO_train2014_000000000036.jpg,0,143,84,227,traffic_sign
output/imgs/00104_COCO_train2014_000000000036.jpg,0,402,61,463,traffic_sign
output/imgs/00105_COCO_train2014_000000335940.jpg,249,119,328,196,traffic_sign
output/imgs/00105_COCO_train2014_000000335940.jpg,143,0,225,81,traffic_sign
output/imgs/00106_COCO_train2014_000000262191.jpg,0,0,88,90,traffic_sign
output/imgs/00106_COCO_train2014_000000262191.jpg,172,0,263,92,traffic_sign
output/imgs/00107_COCO_train2014_000000180287.jpg,97,82,192,175,traffic_sign
output/imgs/00107_COCO_train2014_000000180287.jpg,97,175,199,277,traffic_sign
output/imgs/00107_COCO_train2014_000000180287.jpg,396,50,497,147,traffic_sign
output/imgs/00107_COCO_train2014_000000180287.jpg,0,0,94,93,traffic_sign
output/imgs/00108_COCO_train2014_000000327804.jpg,0,44,59,102,traffic_sign
output/imgs/00108_COCO_train2014_000000327804.jpg,0,102,56,158,traffic_sign
output/imgs/00108_COCO_train2014_000000327804.jpg,54,172,115,233,traffic_sign
output/imgs/00108_COCO_train2014_000000327804.jpg,54,233,109,288,traffic_sign
output/imgs/00108_COCO_train2014_000000327804.jpg,178,0,220,41,traffic_sign
output/imgs/00109_COCO_train2014_000000155707.jpg,0,0,75,75,traffic_sign
output/imgs/00109_COCO_train2014_000000155707.jpg,217,149,268,200,traffic_sign
output/imgs/00109_COCO_train2014_000000155707.jpg,0,123,73,197,traffic_sign
output/imgs/00109_COCO_train2014_000000155707.jpg,0,197,77,274,traffic_sign
output/imgs/00109_COCO_train2014_000000155707.jpg,88,270,161,343,traffic_sign
output/imgs/00110_COCO_train2014_000000393290.jpg,256,0,339,83,traffic_sign
output/imgs/00110_COCO_train2014_000000393290.jpg,256,83,337,164,traffic_sign
output/imgs/00111_COCO_train2014_000000417926.jpg,267,158,356,248,traffic_sign
output/imgs/00111_COCO_train2014_000000417926.jpg,267,248,350,331,traffic_sign
output/imgs/00111_COCO_train2014_000000417926.jpg,358,217,420,279,traffic_sign
output/imgs/00112_COCO_train2014_000000000077.jpg,0,58,90,149,traffic_sign
output/imgs/00113_COCO_train2014_000000532617.jpg,165,0,235,69,traffic_sign
output/imgs/00113_COCO_train2014_000000532617.jpg,165,69,233,137,traffic_sign
output/imgs/00113_COCO_train2014_000000532617.jpg,165,137,235,206,traffic_sign
output/imgs/00113_COCO_train2014_000000532617.jpg,250,74,320,143,traffic_sign
output/imgs/00114_COCO_train2014_000000122913.jpg,80,0,155,74,traffic_sign
output/imgs/00114_COCO_train2014_000000122913.jpg,0,0,77,77,traffic_sign
output/imgs/00114_COCO_train2014_000000122913.jpg,100,76,154,132,traffic_sign
output/imgs/00115_COCO_train2014_000000254139.jpg,164,76,218,130,traffic_sign
output/imgs/00115_COCO_train2014_000000254139.jpg,164,130,201,168,traffic_sign
output/imgs/00115_COCO_train2014_000000254139.jpg,164,168,215,220,traffic_sign
output/imgs/00115_COCO_train2014_000000254139.jpg,82,300,136,354,traffic_sign
output/imgs/00115_COCO_train2014_000000254139.jpg,494,340,550,396,traffic_sign
output/imgs/00116_COCO_train2014_000000204800.jpg,213,298,290,375,traffic_sign
output/imgs/00117_COCO_train2014_000000434275.jpg,0,96,52,147,traffic_sign
output/imgs/00117_COCO_train2014_000000434275.jpg,0,147,52,199,traffic_sign
output/imgs/00118_COCO_train2014_000000385066.jpg,323,123,381,181,traffic_sign
output/imgs/00118_COCO_train2014_000000385066.jpg,232,8,289,65,traffic_sign
output/imgs/00118_COCO_train2014_000000385066.jpg,64,0,108,43,traffic_sign
output/imgs/00118_COCO_train2014_000000385066.jpg,0,52,62,113,traffic_sign
output/imgs/00119_COCO_train2014_000000131084.jpg,458,264,487,293,traffic_sign
output/imgs/00119_COCO_train2014_000000131084.jpg,136,158,158,179,traffic_sign
output/imgs/00119_COCO_train2014_000000131084.jpg,114,283,144,314,traffic_sign
output/imgs/00119_COCO_train2014_000000131084.jpg,298,168,329,200,traffic_sign
output/imgs/00119_COCO_train2014_000000131084.jpg,298,200,328,232,traffic_sign
output/imgs/00120_COCO_train2014_000000581704.jpg,97,278,156,337,traffic_sign
output/imgs/00120_COCO_train2014_000000581704.jpg,97,337,182,420,traffic_sign
output/imgs/00120_COCO_train2014_000000581704.jpg,0,323,84,404,traffic_sign
output/imgs/00120_COCO_train2014_000000581704.jpg,148,132,232,214,traffic_sign
output/imgs/00120_COCO_train2014_000000581704.jpg,0,0,90,87,traffic_sign
output/imgs/00121_COCO_train2014_000000524297.jpg,118,0,154,37,traffic_sign
output/imgs/00121_COCO_train2014_000000524297.jpg,118,37,165,84,traffic_sign
output/imgs/00121_COCO_train2014_000000524297.jpg,118,84,166,132,traffic_sign
output/imgs/00121_COCO_train2014_000000524297.jpg,436,290,485,339,traffic_sign
output/imgs/00121_COCO_train2014_000000524297.jpg,0,317,50,366,traffic_sign
output/imgs/00122_COCO_train2014_000000106545.jpg,327,243,373,290,traffic_sign
output/imgs/00122_COCO_train2014_000000106545.jpg,327,290,370,332,traffic_sign
output/imgs/00122_COCO_train2014_000000106545.jpg,327,332,370,374,traffic_sign
output/imgs/00122_COCO_train2014_000000106545.jpg,154,299,197,342,traffic_sign
output/imgs/00123_COCO_train2014_000000532617.jpg,332,0,396,64,traffic_sign
output/imgs/00123_COCO_train2014_000000532617.jpg,332,64,378,110,traffic_sign
output/imgs/00123_COCO_train2014_000000532617.jpg,332,110,396,173,traffic_sign
output/imgs/00123_COCO_train2014_000000532617.jpg,136,197,198,258,traffic_sign
output/imgs/00123_COCO_train2014_000000532617.jpg,136,258,196,318,traffic_sign
output/imgs/00124_COCO_train2014_000000024664.jpg,0,0,83,82,traffic_sign
output/imgs/00125_COCO_train2014_000000385066.jpg,86,0,141,55,traffic_sign
output/imgs/00126_COCO_train2014_000000565258.jpg,328,174,383,230,traffic_sign
output/imgs/00126_COCO_train2014_000000565258.jpg,0,246,54,301,traffic_sign
output/imgs/00126_COCO_train2014_000000565258.jpg,162,108,212,157,traffic_sign
output/imgs/00127_COCO_train2014_000000327805.jpg,385,65,421,99,traffic_sign
output/imgs/00127_COCO_train2014_000000327805.jpg,0,270,36,306,traffic_sign
output/imgs/00127_COCO_train2014_000000327805.jpg,0,306,25,329,traffic_sign
output/imgs/00128_COCO_train2014_000000516146.jpg,322,156,352,186,traffic_sign
output/imgs/00128_COCO_train2014_000000516146.jpg,44,212,65,233,traffic_sign
output/imgs/00128_COCO_train2014_000000516146.jpg,236,144,265,173,traffic_sign
output/imgs/00128_COCO_train2014_000000516146.jpg,236,173,266,203,traffic_sign
output/imgs/00129_COCO_train2014_000000024664.jpg,405,70,447,112,traffic_sign
output/imgs/00130_COCO_train2014_000000311301.jpg,436,110,514,187,traffic_sign
output/imgs/00130_COCO_train2014_000000311301.jpg,0,188,75,263,traffic_sign
output/imgs/00130_COCO_train2014_000000311301.jpg,164,32,240,107,traffic_sign
output/imgs/00130_COCO_train2014_000000311301.jpg,164,107,235,178,traffic_sign
output/imgs/00130_COCO_train2014_000000311301.jpg,164,178,243,257,traffic_sign
output/imgs/00131_COCO_train2014_000000155707.jpg,136,0,217,81,traffic_sign
output/imgs/00131_COCO_train2014_000000155707.jpg,136,81,191,138,traffic_sign
output/imgs/00131_COCO_train2014_000000155707.jpg,136,138,214,217,traffic_sign
output/imgs/00131_COCO_train2014_000000155707.jpg,0,31,72,103,traffic_sign
output/imgs/00132_COCO_train2014_000000327804.jpg,206,160,268,222,traffic_sign
output/imgs/00132_COCO_train2014_000000327804.jpg,55,118,122,187,traffic_sign
output/imgs/00132_COCO_train2014_000000327804.jpg,165,0,213,49,traffic_sign
output/imgs/00133_COCO_train2014_000000196623.jpg,450,276,513,341,traffic_sign
output/imgs/00133_COCO_train2014_000000196623.jpg,158,40,241,122,traffic_sign
output/imgs/00134_COCO_train2014_000000000113.jpg,0,188,92,279,traffic_sign
output/imgs/00134_COCO_train2014_000000000113.jpg,88,0,179,89,traffic_sign
output/imgs/00135_COCO_train2014_000000524325.jpg,80,0,183,104,traffic_sign
output/imgs/00135_COCO_train2014_000000524325.jpg,230,0,333,104,traffic_sign
output/imgs/00136_COCO_train2014_000000327805.jpg,208,214,293,298,traffic_sign
output/imgs/00136_COCO_train2014_000000327805.jpg,196,0,281,84,traffic_sign
output/imgs/00137_COCO_train2014_000000139355.jpg,98,218,178,299,traffic_sign
output/imgs/00138_COCO_train2014_000000311331.jpg,0,242,67,308,traffic_sign
output/imgs/00138_COCO_train2014_000000311331.jpg,0,56,66,121,traffic_sign
output/imgs/00138_COCO_train2014_000000311331.jpg,62,148,125,211,traffic_sign
output/imgs/00139_COCO_train2014_000000106525.jpg,0,0,98,96,traffic_sign
output/imgs/00139_COCO_train2014_000000106525.jpg,0,96,69,166,traffic_sign
output/imgs/00140_COCO_train2014_000000245873.jpg,246,0,339,93,traffic_sign
output/imgs/00140_COCO_train2014_000000245873.jpg,13,0,119,106,traffic_sign
output/imgs/00141_COCO_train2014_000000376868.jpg,4,30,83,111,traffic_sign
output/imgs/00142_COCO_train2014_000000352389.jpg,406,0,491,85,traffic_sign
output/imgs/00142_COCO_train2014_000000352389.jpg,204,128,269,192,traffic_sign
output/imgs/00143_COCO_train2014_000000024664.jpg,10,49,101,141,traffic_sign
output/imgs/00143_COCO_train2014_000000024664.jpg,250,130,315,192,traffic_sign
output/imgs/00143_COCO_train2014_000000024664.jpg,388,192,475,277,traffic_sign
output/imgs/00143_COCO_train2014_000000024664.jpg,271,237,366,333,traffic_sign
output/imgs/00143_COCO_train2014_000000024664.jpg,410,0,501,91,traffic_sign
output/imgs/00144_COCO_train2014_000000524420.jpg,185,214,224,254,traffic_sign
output/imgs/00144_COCO_train2014_000000524420.jpg,185,254,222,292,traffic_sign
output/imgs/00144_COCO_train2014_000000524420.jpg,185,292,222,329,traffic_sign
output/imgs/00144_COCO_train2014_000000524420.jpg,168,156,206,194,traffic_sign
output/imgs/00145_COCO_train2014_000000319611.jpg,0,0,76,75,traffic_sign
output/imgs/00145_COCO_train2014_000000319611.jpg,0,75,75,150,traffic_sign
output/imgs/00146_COCO_train2014_000000032949.jpg,60,36,138,112,traffic_sign
output/imgs/00146_COCO_train2014_000000032949.jpg,169,58,247,136,traffic_sign
output/imgs/00147_COCO_train2014_000000393290.jpg,14,364,79,429,traffic_sign
output/imgs/00147_COCO_train2014_000000393290.jpg,14,429,78,492,traffic_sign
output/imgs/00147_COCO_train2014_000000393290.jpg,10,172,75,238,traffic_sign
output/imgs/00148_COCO_train2014_000000311301.jpg,205,239,240,275,traffic_sign
output/imgs/00148_COCO_train2014_000000311301.jpg,11,164,45,198,traffic_sign
output/imgs/00148_COCO_train2014_000000311301.jpg,445,240,482,277,traffic_sign
output/imgs/00148_COCO_train2014_000000311301.jpg,47,66,71,90,traffic_sign
output/imgs/00148_COCO_train2014_000000311301.jpg,226,293,260,327,traffic_sign
output/imgs/00149_COCO_train2014_000000434275.jpg,48,152,154,257,traffic_sign
output/imgs/00149_COCO_train2014_000000434275.jpg,48,257,147,358,traffic_sign
